dataset,method,runtime,memory_usage_MB,nmi,ari,purity,f1_score,confusion_matrix
Levine_13dim_notransform,KMeans,2.2033255100250244,64.64453125,0.615975543359199,0.449212922398425,0.6193010141044931,0.5326481807689063,"[[  584   144     4     0   114     0     0     0     8     1     0     0
      0     0     0     7     0     0    37     0     0     0     0    13]
 [  347  5162   872     0   323     1     0     0    50     0     0     0
      0     2     0     8     0     0     6     0     0     0     0     8]
 [  505   504    18     0   168     0     0     0    28     1     0     0
      0     0     0    12     0     0    29     0     0     0     0    13]
 [    7     0     0     0    11     0     0     0     0    10     0     0
      0     0     0     0     0     0   146     0     0     0     0    79]
 [    0     0     0     0 12026     0     0     0     1     0     0     1
      2     0     0     0     0     0     0     0     0     0     0     0]
 [    3     0     0     0     0     2     0     0     1    10     0     0
      0     0     0     0     0     0    39     0     0     0     0    18]
 [    0     0     0     0   253     0     0     0     1     0     2     0
      0     0     0     2     1     0     2     0     0     0     0     0]
 [    0     0     0     0   374     0     0     0   125     0     0     0
      0     0     0     0     1     2     0     0     0     0     0     0]
 [    0     0     0     0  1170     0     0     0  6577     0     0     1
      0     1     0     4     0     3    26     0     0     0    14     0]
 [    0     0     0     0     0     0     0     0     1   108     0     0
      0     0     0     1     0     0   159     0     0     0     3   336]
 [    0     0     0     0   351     0     0     0   313     0  8958     0
      8    15   296     0  4023     0     0     0     0     0     0     0]
 [    0     0     0     0   150     0     0     0   209     0   603  2166
      0    50    60     0   378  4205     0     0     0     0     0     0]
 [    0     0     0     0  3679     0     0     0     0     0     0     1
      4     0     0     0     0     0     0     0     0     0     0     0]
 [    8     0     0     0     5     0     0     0     0     3     0     0
      0     0     0     0     0     0   138     0     0     0     0    40]
 [    0     0     0     0   143     0     0     0     3     0     0     0
      0     0     0     5     1     0     0     0     0     0     0     0]
 [    0     0     0     0  2998     0     0     0     0     0     4     0
      3     0     0    13     7     0     0     0     0     0     0     0]
 [    0     0     0     0    91     0     0     0   135     0  4457     0
      0     1    66     0  2237     0     0     0     0     0     0     0]
 [    0     0     0     0   117     0     0     0   631     0   168  1012
      0    18    27     2   114  7475     0     0     0     0     0     0]
 [    0     0     0     0   388     8     0     0  1684   151     2     0
      0     1     0     9     0     0  1163     0     0     6     0   452]
 [    0     0     0     0     0     0     0    84     0     0     0     0
      0     0     0     0     0     0     0   221     0   163     0     0]
 [    0     0     0     0    60     0     0     0    88     1     0     0
      0     0     0    13     0     0   126     0     0     0     0     5]
 [    0     0     0     0     5     0     0     0     0     0     0     0
      0     0     0     0     0     0     0     0     0     0     0     0]
 [    1     0     0     0    17     0     0     0     0     9     0     0
      0     0     0     0     0     0   137     0     0     0     0    76]
 [    1     0     0     0    11     0     0     0     8   226     0     0
      0     0     0     5     0     0   206     0     0     0     0   537]]"
Levine_13dim_notransform,DBSCAN,3.5524678230285645,35.31640625,0.0011012816209292,0.0001150840058076,0.171260107404553,0.0,"[[    0     0     0     0     0     0     0     0     0     0     0     0
      0     0     0     0     0     0     0     0     0     0     0     0
      0]
 [  912     0     0     0     0     0     0     0     0     0     0     0
      0     0     0     0     0     0     0     0     0     0     0     0
      0]
 [ 6779     0     0     0     0     0     0     0     0     0     0     0
      0     0     0     0     0     0     0     0     0     0     0     0
      0]
 [ 1278     0     0     0     0     0     0     0     0     0     0     0
      0     0     0     0     0     0     0     0     0     0     0     0
      0]
 [  253     0     0     0     0     0     0     0     0     0     0     0
      0     0     0     0     0     0     0     0     0     0     0     0
      0]
 [12030     0     0     0     0     0     0     0     0     0     0     0
      0     0     0     0     0     0     0     0     0     0     0     0
      0]
 [   73     0     0     0     0     0     0     0     0     0     0     0
      0     0     0     0     0     0     0     0     0     0     0     0
      0]
 [  261     0     0     0     0     0     0     0     0     0     0     0
      0     0     0     0     0     0     0     0     0     0     0     0
      0]
 [  502     0     0     0     0     0     0     0     0     0     0     0
      0     0     0     0     0     0     0     0     0     0     0     0
      0]
 [ 7796     0     0     0     0     0     0     0     0     0     0     0
      0     0     0     0     0     0     0     0     0     0     0     0
      0]
 [  608     0     0     0     0     0     0     0     0     0     0     0
      0     0     0     0     0     0     0     0     0     0     0     0
      0]
 [13964     0     0     0     0     0     0     0     0     0     0     0
      0     0     0     0     0     0     0     0     0     0     0     0
      0]
 [ 7821     0     0     0     0     0     0     0     0     0     0     0
      0     0     0     0     0     0     0     0     0     0     0     0
      0]
 [ 3648     0     0     0     0     0     0     0     0     0     0     0
     29     0     7     0     0     0     0     0     0     0     0     0
      0]
 [  194     0     0     0     0     0     0     0     0     0     0     0
      0     0     0     0     0     0     0     0     0     0     0     0
      0]
 [  152     0     0     0     0     0     0     0     0     0     0     0
      0     0     0     0     0     0     0     0     0     0     0     0
      0]
 [ 3025     0     0     0     0     0     0     0     0     0     0     0
      0     0     0     0     0     0     0     0     0     0     0     0
      0]
 [ 6987     0     0     0     0     0     0     0     0     0     0     0
      0     0     0     0     0     0     0     0     0     0     0     0
      0]
 [ 9564     0     0     0     0     0     0     0     0     0     0     0
      0     0     0     0     0     0     0     0     0     0     0     0
      0]
 [ 3864     0     0     0     0     0     0     0     0     0     0     0
      0     0     0     0     0     0     0     0     0     0     0     0
      0]
 [  468     0     0     0     0     0     0     0     0     0     0     0
      0     0     0     0     0     0     0     0     0     0     0     0
      0]
 [  293     0     0     0     0     0     0     0     0     0     0     0
      0     0     0     0     0     0     0     0     0     0     0     0
      0]
 [    5     0     0     0     0     0     0     0     0     0     0     0
      0     0     0     0     0     0     0     0     0     0     0     0
      0]
 [  240     0     0     0     0     0     0     0     0     0     0     0
      0     0     0     0     0     0     0     0     0     0     0     0
      0]
 [  994     0     0     0     0     0     0     0     0     0     0     0
      0     0     0     0     0     0     0     0     0     0     0     0
      0]]"
Levine_13dim_notransform,Hierarchical,975.629961013794,0.48046875,0.673612500854438,0.5379175444751474,0.6393384466708258,0.121340598745999,"[[    0     0     0     0     0     0     0     0     0     0     0     0
      0     0     0     0     0     0     0     0     0     0     0     0
      0]
 [    0     6   105     0     0     4     0     0     0     0     0     0
     10     8    10   168     0     0     1     0     0     0     0   600
      0]
 [    0     8  5075     0     0     1     0     0     0     0     0     0
     21     9   101    42     0     0    37     0     0     0     0  1485
      0]
 [    2    10   329     0     0     7     0     0     0     0     0     0
     19     8    31   110     0     0     5     0     0     0     1   756
      0]
 [    0     0     0     0     0    57     0     0     0     0     0     0
      0     0     4   100     0     0     0     0     0     0     2    90
      0]
 [    0     0     0     2     0     0     0     0     1     0     1     0
      0     9 12017     0     0     0     0     0     0     0     0     0
      0]
 [    0     0     0     0     0    22     0     0     0     0     0     0
      0     0     0    28     0     0     0     0     0     0     1    22
      0]
 [    0     2     0     0     0     0     0     0     0     0     0     0
      5     7   201     0     0     0     0     0     0     0     0    46
      0]
 [   12     0     0     0     0     0     0     0     5     0     0     0
      5   142   335     0     0     0     0     0     0     0     0     3
      0]
 [   22     4     0     0     0     0     0     0     6     0     1     0
     12  7496   202     7     0     0     0     0     0    12     0    34
      0]
 [    0     1     0     0     0   320     0     0     0     0     0     0
      1     0     0   204     0     0     0     0     0     3    29    50
      0]
 [10925     0     0    12     0     0     0    31     1     0     1  2886
      0     2   105     0     0     0     0     0     0     0     0     1
      0]
 [  374     0     0     0     0     0     0    18  5059     0  1739   545
      1    31    54     0     0     0     0     0     0     0     0     0
      0]
 [    0     0     0     6     0     0     0     0     1     0     1     0
      0     1  3674     0     0     0     0     0     0     0     0     1
      0]
 [    0     0     0     0     0    23     0     0     0     0     0     0
      0     0     1    76     0     0     0     0     0     0     0    94
      0]
 [    0     5     0     0     0     0     0     0     0     0     0     0
      0     8   104     0     0     0     0     0     0     0     0    35
      0]
 [   12    12     0     3     0     0     0     0     1     0     0     0
      2    16  2978     0     0     0     0     0     0     0     0     1
      0]
 [ 5589     0     0     0     0     0     0     9     0     0     0  1330
     24    28     7     0     0     0     0     0     0     0     0     0
      0]
 [  209     2     0     0     0     0     0     8  8430     0   618   163
      1   114    13     0     0     0     0     0     0     0     0     6
      0]
 [   39     5     1     0     0   409     0     0     0     0     0     0
     82  1504   122   792     0     8     0     0     0     0    57   845
      0]
 [    0     0     0     0   157     0     0     0     0   188     0     0
      0     0     0     0     0   107     0     0    16     0     0     0
      0]
 [    0     7     0     0     0     4     0     0     0     0     0     0
    206    60     0     0     0     0     0     0     0     0     0    16
      0]
 [    0     0     0     0     0     0     0     0     0     0     0     0
      0     0     5     0     0     0     0     0     0     0     0     0
      0]
 [    0     0     0     0     0    55     0     0     0     0     0     0
      1     0     1   107     0     0     0     0     0     0     2    74
      0]
 [    0     5     0     0     0   584     0     0     0     0     0     0
      5     5     0   278     0     0     0     0     0     0    40    77
      0]]"
Levine_13dim_notransform,tSNE+KMeans,357.9889039993286,44.39453125,0.6178456460848535,0.3837429529295525,0.6781533267275863,0.5331323006245517,"[[   0    0    0    0    0    0    0    0    0    0    0    0    0    0
     0    0    0    0    0    0    0    0    0    0    0]
 [   0   30   21  669    0    0    0    0    1    0    0    0    0    0
     3    0    0    0    0    4   99   84    0    0    1]
 [   0  538 2594 2114    0    0    0    0    0   12    0    1    0    0
  1251    0    0    0    0    6   28  233    0    0    2]
 [   0   95  103  811    0    0    0    0    2    9    0    2    0    0
    32    0    0    0    0    6   69  147    0    0    2]
 [   0    0    0    5    1    0    0    0    0    0    0    0    0    0
    84    0    0    0    0    2  118    0    0    0   43]
 [   0   14    0    0    0 6057    1   78    0    3    0    0    0 3125
     1 1613 1133    0    0    0    0    3    0    0    2]
 [   0    0    0    3    0    0    0    0    0    0    0    0    0    0
     5    0    0    0    0   26   15    1    0    0   23]
 [   0   26    0    2    0    8    0   62    5    2    0    0    0    1
   110   14   21    0    0    0    0   10    0    0    0]
 [   0   48    0    0    1   65    0   83   58   73    0    7    1   39
     8   37   72    0    1    0    0    9    0    0    0]
 [   0   25    0    0    0   14    3   36  490 6259    0  498    0    8
    15   12  364    0    2   50    0   20    0    0    0]
 [   0    0    0    0    0    0    0    0    0    0    0    3    0    0
    15    0    0    0    0  110  125    6    0    0  349]
 [3564    0    0    0 1773    0    0    0   19    0    0 3750   39    0
     1   12   78 2329    0    0    1    0    1 2375   22]
 [   0    0    0    0   31    0 2138    0   57    0    0    3 2784    0
     1  299   24   21  917    0    0    1 1544    0    1]
 [   0   22    0    0    0    1    0  152    0    0    0    0    0 3263
     1    1  236    0    0    0    1    0    1    0    6]
 [   0    0    0    1    0    0    0    0    0    0    0    0    0    0
    90    0    0    0    0    0   88    1    0    0   14]
 [   0    6    0    0    0   13    0   23    2    3    0    0    0    3
    71   11   12    0    0    0    0    8    0    0    0]
 [   0  174    0    0    2  657    0  578   13    0    0    0    0  506
    20  396  653    0    0    0    0   23    0    0    3]
 [ 204    0    0    0  399    0    0    0   13    1    0 1092   13    0
     1    0   20 3038    0    0    0   40    1 2165    0]
 [   1    0    0    0   19    0 1820    0  216    1    0   19  863    0
     0 1080    6    5 5093    2    0    3  433    3    0]
 [   0   10    0    0    0    0    0    7 1051  152    0   28    0    3
    43    7  143    0    0 1736   17  135    0    0  532]
 [   0    0    0    0    0    0    0    0    0    0    0    0    0    0
     0    0    0    0    0    0  272    0    0    0  196]
 [   0    0    0    0    0    0    0    0    0    0    0    0    0    0
     2    0    0    0    0    0    0  290    0    0    1]
 [   0    0    0    0    0    0    0    0    0    0    0    0    0    5
     0    0    0    0    0    0    0    0    0    0    0]
 [   0    0    0    0    0    0    0    0    0    0    0    0    0    0
    74    0    0    0    0    0  119    3    0    0   44]
 [   0    0    0    1    0    0    0    0    0    1    0    0    0    0
    29    0    0    0    0   50  294   12    0    0  607]]"
Levine_32dim,KMeans,3.462054252624512,89.03125,0.0042816265862109,0.0016133222486199,0.2530714889042463,0.1204838144218321,"[[  90  117  115   41   30  110  126  124  116   98   35   94   68   43]
 [ 235  314  281  222  123  305  504  316  316  329  207  255  285  213]
 [ 163  214  227   96   38  214  257  181  218  193   72  187  113   75]
 [ 210  228  243  224  101  226  449  241  248  245  225  203  275  177]
 [  15   23   15   22   11   23   50   23   25   20   19   17   25   16]
 [  66   61   64   49   20   88   96  104   89   71   54   66   51   37]
 [1554 2114 2124 1390  730 2134 3397 2133 2222 2128 1363 1847 1815 1415]
 [1197 1504 1508 1133  601 1488 2763 1581 1583 1513 1165 1369 1564 1139]
 [ 929 1480 1461  697  408 1343 2172 1432 1496 1458  661 1347  910  726]
 [1189 1904 1945  898  405 1682 2741 1902 1934 1976  767 1822 1220  714]
 [  65   86   68   98   40   76  171   91   93   66  108   60  132   84]
 [  19   17   25   15    6   21   57   28   27   29   11   39   28    8]
 [ 281  399  397  506  256  374  848  402  386  405  497  358  577  449]
 [  17   31   31   51   28   22   67   14   18   28   60   19   77   50]]"
Levine_32dim,DBSCAN,346.5862436294556,35.6328125,0.0,0.0,0.2530714889042463,0.0,"[[    0     0     0     0     0     0     0     0     0     0     0     0
      0     0     0]
 [ 1207     0     0     0     0     0     0     0     0     0     0     0
      0     0     0]
 [ 3905     0     0     0     0     0     0     0     0     0     0     0
      0     0     0]
 [ 2248     0     0     0     0     0     0     0     0     0     0     0
      0     0     0]
 [ 3295     0     0     0     0     0     0     0     0     0     0     0
      0     0     0]
 [  304     0     0     0     0     0     0     0     0     0     0     0
      0     0     0]
 [  916     0     0     0     0     0     0     0     0     0     0     0
      0     0     0]
 [26366     0     0     0     0     0     0     0     0     0     0     0
      0     0     0]
 [20108     0     0     0     0     0     0     0     0     0     0     0
      0     0     0]
 [16520     0     0     0     0     0     0     0     0     0     0     0
      0     0     0]
 [21099     0     0     0     0     0     0     0     0     0     0     0
      0     0     0]
 [ 1238     0     0     0     0     0     0     0     0     0     0     0
      0     0     0]
 [  330     0     0     0     0     0     0     0     0     0     0     0
      0     0     0]
 [ 6135     0     0     0     0     0     0     0     0     0     0     0
      0     0     0]
 [  513     0     0     0     0     0     0     0     0     0     0     0
      0     0     0]]"
Levine_32dim,Hierarchical,2422.865515947342,-51.35546875,0.0042987741709914,0.0019665826241324,0.2530714889042463,0.1283262817581512,"[[ 100   99  116  105   26   49  137  121  157  144   50   17   42   44]
 [ 271  313  318  279  134  196  356  475  405  384  229   90  251  204]
 [ 176  205  241  206   56   75  241  254  268  245   94   26   83   78]
 [ 210  222  236  237  132  176  309  430  296  311  219   65  259  193]
 [  18   17   28   21   13   16   24   44   29   23   19    6   24   22]
 [  67   67   91   68   28   41  105   98  105   96   47   11   57   35]
 [1881 2031 2259 2043  806 1330 2425 3247 2710 2715 1409  489 1663 1358]
 [1334 1477 1591 1474  640 1066 1812 2647 2004 1898 1226  412 1403 1124]
 [1307 1419 1449 1449  385  716 1484 2176 1859 1829  754  263  802  628]
 [1610 1824 1867 2002  549  690 1904 2759 2448 2475  938  288  887  858]
 [  84   61   79   66   54   83  103  151  107   99  105   24  122  100]
 [  18   28   26   38    9    6   29   56   26   36   18    5   14   21]
 [ 336  387  376  380  298  453  447  793  512  516  484  162  578  413]
 [  17   24   22   24   29   43   27   58   33   32   56   24   68   56]]"
Levine_32dim,tSNE+KMeans,281.73330903053284,78.17578125,0.0035587020888094,0.0009299358542928,0.2530714889042463,0.1094809265534947,"[[  91  111   97   54   85  101   86   71  114  115   58   81   74   69]
 [ 246  314  240  262  220  301  327  302  315  305  289  250  309  225]
 [ 158  203  186   86  153  201  177  133  207  186  118  169  125  146]
 [ 184  269  211  273  174  218  269  289  237  228  259  205  295  184]
 [  18   23    8   24   16   19   24   31   22   18   29   18   31   23]
 [  59   79   63   56   64   91   64   74   69   69   46   70   68   44]
 [1772 2043 1747 1771 1543 2006 2148 1984 2130 2009 1795 1827 2002 1589]
 [1302 1582 1277 1429 1063 1423 1645 1699 1581 1441 1516 1377 1613 1160]
 [1262 1213 1256  869 1001 1301 1353 1035 1393 1429 1028 1307 1029 1044]
 [1631 1493 1575  899 1369 1616 1746 1263 1813 1897 1307 1693 1293 1504]
 [  77   97   66  104   65   76  102  145   86   65  112   69  133   41]
 [  18   23   22   10   19   21   42   25   19   28   24   38   21   20]
 [ 350  461  332  592  255  350  539  645  413  385  519  357  641  296]
 [  19   35   21   60   13   20   34   86   27   20   43   27   82   26]]"
Levine_13dim,KMeans,1.8787479400634768,92.5859375,0.7973665034722118,0.6948539600121402,0.877756981907593,0.7503858659050566,"[[    0     0     0     0     0     0     0     0     0     0     0     0
      0     0     0     0     0     0     0     0     0     0     0     0
      0]
 [    0   810    41     0     0     0     0     3    27     0     0     0
      0     0     0     0     0     0     0     2     0    29     0     0
      0]
 [    0    60  4786  1835     0     0     5     2    78     0     0     0
      0     0     0     0     0     0     0     0     0    13     0     0
      0]
 [    0   626   485    66     0     0     2    10    48     0     0     0
      0     0     0     0     0     0     0     5     0    36     0     0
      0]
 [    0    23     0     0     0     0     0   100    29     0     0     0
      0     0     0     0    14     0     0     0     0     0     0     0
     87]
 [    0     0     0     0     0  7853     0    14    45     0     0     0
      1  1234     0     1  2882     0     0     0     0     0     0     0
      0]
 [    0    12     0     0     0     0     2     2     2     0     0     0
      0     0     0     0     0     0     0    44     0     1     0     0
     10]
 [    0     8     1     0     0     3     0   102    88     0     0     0
      0     7     0     0    40     0     0     0     0    12     0     0
      0]
 [    0     1     1     0     0    66     0    33   132    73    29     2
      0    28     0     0    78     0     1    45     0     9     1     0
      3]
 [    0     1     0     0     0    13     0    18    63  3974  3658     0
      1     8     0     8    28     0     1     8     0    10     3     0
      2]
 [    0     0     1     0     0     0     0     0     0    22   190     0
      0     0     0     6     1     0     0    25     0     4     0     0
    359]
 [    0     2     0     1  3217     0     0    21     0     0     0 10257
      0     0     0     0     0   438     0     0     0     1    20     7
      0]
 [ 3318     0     0     0     0     0     6     8     0     0     0     0
   4486     0     0     0     0     0     3     0     0     0     0     0
      0]
 [    0     0     0     0     0     0     0     0   103     0     0     0
      0  3581     0     0     0     0     0     0     0     0     0     0
      0]
 [    0    40     0     1     0     0     0    95    24     0     0     0
      0     0     0     0     2     0     0     0     0     7     0     0
     25]
 [    0     3     1     0     0     5     0    54    38     0     0     0
      0    11     0     0    32     0     0     0     0     8     0     0
      0]
 [    0     6     0     0     0   779     0   257   543     2     3     5
      1   581     0     0   787     0     0    13     0    24    24     0
      0]
 [    0     0     0     0     0     0     0     0     0     0     0   118
      0     0     6     1     0  6808     0     0     0    35     4    15
      0]
 [   24     0     0     0     0     0    22     0     0     0     0     0
    707     0     4     0     0     0  8801     6     0     0     0     0
      0]
 [    0     8     1     0     0    15     0    23    54    57    55     0
      0    17     0     0    32     0     0  3427     0   146    18     0
     11]
 [    0     0     0     0     0     0     0     0     0     0     0     0
      0     0     0     0     0     0     0     0     0     1     0     0
    467]
 [    0     0     0     0     0     0     0     0     0     0     0     0
      0     0     0     0     0     0     0     0     0   293     0     0
      0]
 [    0     0     0     0     0     0     0     0     0     0     0     0
      0     5     0     0     0     0     0     0     0     0     0     0
      0]
 [    0     2     0     0     0     0     0    13     0     0     0     0
      0     0     0     0     5     0     0     0     0     2     0     0
    218]
 [    0     2     0     0     0     0     0     5     3     0     3     0
      0     0     0     0     2     0     0    74     0    12     0     0
    893]]"
Levine_13dim,DBSCAN,161.19381594657898,667.63671875,0.0086697067333737,0.002938436513283,0.1730583385323008,9.925214927641112e-05,"[[    0     0     0     0     0     0     0     0     0     0     0     0
      0     0     0     0     0     0     0     0     0     0     0     0
      0     0]
 [    0     0     0     0     0     0     0     0     0     0     0     0
      0     0     0     0     0     0     0     0     0     0     0     0
      0     0]
 [   27     0     0     0     0     0     1     0     0     0     0   884
      0     0     0     0     0     0     0     0     0     0     0     0
      0     0]
 [   46     0     0     0     0     0     0     0     0     0     0  6733
      0     0     0     0     0     0     0     0     0     0     0     0
      0     0]
 [   16     0     0     0     0     0     0     0     0     0     0  1262
      0     0     0     0     0     0     0     0     0     0     0     0
      0     0]
 [   20     0     0     0     0     0     0     0     0     0     0   233
      0     0     0     0     0     0     0     0     0     0     0     0
      0     0]
 [   76     1     0     0     0     0     0     0     0     0     0 11953
      0     0     0     0     0     0     0     0     0     0     0     0
      0     0]
 [   15     0     0     0     0     0     0     0     0     0     0    58
      0     0     0     0     0     0     0     0     0     0     0     0
      0     0]
 [   40     0     0     0     0     0     0     0     0     0     0   220
      0     1     0     0     0     0     0     0     0     0     0     0
      0     0]
 [   75     0     0     0     0     0     0     0     0     0     0   427
      0     0     0     0     0     0     0     0     0     0     0     0
      0     0]
 [  254     0     0     0     0     0     0     0     0     0     0  7542
      0     0     0     0     0     0     0     0     0     0     0     0
      0     0]
 [   67     0     0     0     0     0     0     0     0     0     0   541
      0     0     0     0     0     0     0     0     0     0     0     0
      0     0]
 [   75     0     0     0     0     0     0     0     0     9     0 13880
      0     0     0     0     0     0     0     0     0     0     0     0
      0     0]
 [   61     0     0     0     0     0     0     0     0     0     0  7760
      0     0     0     0     0     0     0     0     0     0     0     0
      0     0]
 [   40     0     0     0     0     0     0     0     0     0     0  3644
      0     0     0     0     0     0     0     0     0     0     0     0
      0     0]
 [   23     0     0     0     0     0     0     0     0     0     0   171
      0     0     0     0     0     0     0     0     0     0     0     0
      0     0]
 [   20     0     0     0     0     0     0     0     0     0     0   132
      0     0     0     0     0     0     0     0     0     0     0     0
      0     0]
 [   56     0     0     0     0     0     0     0     0     0     0  2969
      0     0     0     0     0     0     0     0     0     0     0     0
      0     0]
 [   23     0     0     0     0     0     0     0     0     0     0  6964
      0     0     0     0     0     0     0     0     0     0     0     0
      0     0]
 [   41     0     0     0     0     0     0     0     0     0     0  9523
      0     0     0     0     0     0     0     0     0     0     0     0
      0     0]
 [  117     0     0     0     0     0     2     0     0     0     0  3745
      0     0     0     0     0     0     0     0     0     0     0     0
      0     0]
 [   58     0     0     0     0     0     0     0     0     0     0   410
      0     0     0     0     0     0     0     0     0     0     0     0
      0     0]
 [   12     0     0     0     0     0     0     0     0     0     0   281
      0     0     0     0     0     0     0     0     0     0     0     0
      0     0]
 [    0     0     0     0     0     0     0     0     0     0     0     5
      0     0     0     0     0     0     0     0     0     0     0     0
      0     0]
 [   55     0     0     0     0     0     0     0     0     0     0   185
      0     0     0     0     0     0     0     0     0     0     0     0
      0     0]
 [   43     0     0     0     0     0     0     0     0     0     0   951
      0     0     0     0     0     0     0     0     0     0     0     0
      0     0]]"
Levine_13dim,Hierarchical,871.8176598548889,0.48046875,0.8183608805224548,0.818375616058623,0.8718362753373212,0.8366466407612527,"[[    0     0     0     0     0     0     0     0     0     0     0     0
      0     0     0     0     0     0     0     0     0     0     0     0
      0]
 [    0   817    24     8     1     0     1    23     1     0     2     0
      0     0     0     0     3     0     0     0     0    32     0     0
      0]
 [    0    72  4922  1705     0     0     2    14     2     0     3     0
      0     0    11     0    23     0     0     1     0    24     0     0
      0]
 [    0   528   464   209     3     0     4    12     0     0     1     0
      0     0     2     0    14     0     0     3     0    38     0     0
      0]
 [    0     5     0     0   225     0     3    10     0     0     0     0
      0     1     0     7     2     0     0     0     0     0     0     0
      0]
 [    0     0     0     0     0 10985     0    35     0     0     0     0
      0   749     0   161    85     0     0     0     0     0     0    15
      0]
 [    0     8     0     0    17     0    41     0     1     0     0     0
      0     0     0     2     0     0     0     3     0     0     0     0
      1]
 [    0     3     0     0    97    24     1    41     0     0     0     0
      0     2     0    22    59     0     0     1     0    11     0     0
      0]
 [    0     7     0     0     0   142    28    26     1   116     3     2
      0    13     0    12   122     0     0    20     0     9     0     1
      0]
 [    0     0     2     2     0    28     8     9     6  7612    38     0
      0     1     0    12    48     0     0    15     0     9     0     4
      2]
 [    0     0     0     0     0     0     6     0     0   288     8     0
      0     0     0     1     0     0     0     7     0     3     0     2
    293]
 [    6     0     0     2     0    11     0    25     1     0     0 12885
      0     0     0    75     3   847     0     0     0     3    27    79
      0]
 [    0     0     0     0     0     0     4     6   292     0     0     0
   7006     0     0    43     0     0   157     0     0     0   313     0
      0]
 [    0     0     0     0     2   143     0     0     0     0     0     0
      0  3358     0     0   175     0     0     0     0     0     0     6
      0]
 [    0     5     0     0   173     0     0     2     0     0     0     0
      0     0     0     2     0     0     0     0     0    12     0     0
      0]
 [    0     3     0     0    67    22     1    14     0     0     1     0
      0     3     0    13    20     0     0     0     0     8     0     0
      0]
 [    0     8     0     0     1  1382    14   324     1    27     0    17
      0   396     0   187   620     0     0    25     0    23     0     0
      0]
 [    2     0     0     2     0     0     0     0     0     0     0    88
      0     0     1     7     0  6812     0     0     0    43     9    23
      0]
 [    0     0     0     0     0     0    37     0   169     1     0     0
    733     0     1     8     1     2  8454     0     0     5   153     0
      0]
 [    0     4     1     3     7    48   376    11     0   121     4     2
      0     6     0    13    24     0     0  3079     0   145    11     0
      9]
 [    0     0     0     0     1     0     0     0     0    31     3     0
      0     0     0     0     0     0     0     0     0     0     0     1
    432]
 [    0     2     0     0     0     0     0     0     0     0     0     0
      0     0     0     0     0     0     0     0     0   291     0     0
      0]
 [    0     0     0     0     0     1     0     0     0     0     0     0
      0     4     0     0     0     0     0     0     0     0     0     0
      0]
 [    0     2     0     0   206     0     0     1     0     0     0     0
      0     0     0     1     0     0     0     0     0     3     0     2
     25]
 [    0     3     0     0     6     1    40     4     0    19     1     0
      0     0     0     0     3     0     0    33     0    11     0     0
    873]]"
Levine_13dim,tSNE+KMeans,454.8118574619293,-10.15625,0.757326402564722,0.578056155899878,0.8399696624952597,0.7001503625563903,"[[   0    0    0    0    0    0    0    0    0    0    0    0    0    0
     0    0    0    0    0    0    0    0    0    0    0]
 [   0   20    3  824    0    0    0    2    1    0    0    0    0    0
     0    0    0    0    0    2    0   60    0    0    0]
 [   0   17 4555  808    0    0    0    7    6    0    0    0    0    0
    18 1354    0    0    0    1    0   13    0    0    0]
 [   0   29  153  978    0    0    1    7    7    0    0    0    0    0
     4   48    0    0    0    5    0   46    0    0    0]
 [   0    0    0    4    0    0    0   11    0    0    0    0    0    0
     0    0    5    0    0    2    0   42    0    0  189]
 [   0    0    0    0    0 5971    0   32   49    0    0    0    0 2283
     0    0 3689    0    0    0    0    6    0    0    0]
 [   0    0    0    3    0    0    1    0    0    0    0    0    0    0
     0    0    1    0    0   44    0   11    0    0   13]
 [   0   23    0    1    0    4    0   43   43    0    0    0    0    8
     0    0   35    0    0    1    0   57    0    0   46]
 [   0   22    0    0    3   37    4   52   91  103    0    2    0   35
     0    0   95    0    0   44    0   11    0    0    3]
 [   3   11    0    1    0    7    8   33   29 7564    0    0    1    3
     0    0   30    0    0   10    0   35   15    0   46]
 [   0    3    0    0    0    0    0    0    0    7    0    0    0    0
     0    0    1    0    0   10    0    8    0    0  579]
 [2232    0    0    1   25    0    0   16    0    0    0 6085    1    0
    14    1   11  103    0    0    0    3 2245 3227    0]
 [   0    0    0    0  153    0  370    6    0    0    0    0 5538    0
     0    0    0    0    0    1 1753    0    0    0    0]
 [   0    8    0    0    0   13    0    0  103    0    0    0    0 3554
     0    0    1    0    0    0    0    5    0    0    0]
 [   0    0    0    3    0    0    0    4    0    0    0    0    0    0
     0    0    2    0    0    0    0   87    0    0   98]
 [   0   11    0    2    0    6    0   15   16    0    0    0    0    6
     0    0   30    0    0    0    0   28    0    0   38]
 [   0   23    0    7   74  719    1  512  510   11    0    5    0  571
     0    0  570    0    0   13    0    7    0    0    2]
 [   0    0    0    0    4    0    0    0    0    0    0   17    0    0
   330    0    0 6083    0    0    0   43   14  496    0]
 [   3    0    0    0   56    0 1622    0    0    0    0    0   15    0
     5    0    0    0 5920   25 1918    0    0    0    0]
 [   0   10    0    3   23   20    2   22   19   84    0    0    0   10
     0    0   34    0    0 3427    0  149    0    0   61]
 [   0    0    0    0    0    0    0    0    0    0    0    0    0    0
     0    0    0    0    0    0    0    1    0    0  467]
 [   0   41    0    0    0    0    0    0    0    0    0    0    0    0
     0    0    0    0    0    0    0  252    0    0    0]
 [   0    0    0    0    0    0    0    0    0    0    0    0    0    5
     0    0    0    0    0    0    0    0    0    0    0]
 [   0    2    0    2    0    0    0    2    0    0    0    0    0    0
     0    0    1    0    0    0    0   10    0    0  223]
 [   0    6    0    3    0    0    2    6    1    2    0    0    0    1
     1    0    0    0    0   61    0    6    0    0  905]]"
Samusik_all_notransform,KMeans,2.54978346824646,221.6015625,0.0005937689829134,0.0001254611555873,0.2225293845477909,0.0707241189134945,"[[ 206  156  163  191  236  134  155  203  116  172  117  191  208  211
   198  159  173  171  179  206  165  198  176  157]
 [ 158  183  134  202  218  131  149  179  146  159  115  187  188  191
   205  147  161  178  169  178  157  180  185  167]
 [ 233  202  232  305  338  186  179  265  188  255  153  273  262  268
   276  224  220  227  206  215  197  262  266  214]
 [ 453  482  465  636  781  378  417  648  359  546  339  526  645  627
   620  515  472  533  465  499  482  541  578  472]
 [3730 3482 3554 4603 6056 3029 3490 5215 2977 4710 2814 4243 4980 5074
  5240 3566 3579 4646 3626 3931 3819 4366 4828 3798]
 [  16   24   14   19   27   20   20    8   19   25   11   29   24   23
    20   13   21   18   25   20   24   16   28   16]
 [  61   82   77  102  127   62   80  109   73   93   52   88  107   96
   104   52   72   94   73   74   79   99  110   75]
 [1947 1854 1862 2497 3613 1584 1836 3125 1455 2570 1370 2192 2549 2854
  2667 2054 2046 2480 1954 2033 1967 2420 2750 1816]
 [  16   13   14   11   36   11    9   24   15   19   10   20   18   12
    20   19   14   17   12   14   15   15   13   20]
 [ 230  210  222  274  379  176  210  294  152  338  136  273  291  342
   326  194  245  281  230  255  227  264  297  222]
 [   3    2    1    1    0    0    2    1    2    0    3    2    1    0
     2    0    2    1    0    2    2    0    0    2]
 [1937 1905 1907 2340 2630 1705 1818 2278 1584 2003 1309 2508 2348 2335
  2365 1950 2147 1962 1947 2085 1984 2363 2216 2091]
 [4533 4454 4458 5514 6526 3821 4113 5508 3505 4861 2927 5346 5611 5545
  5545 4563 4540 4592 4208 4556 4528 5349 5236 4573]
 [ 830  751  865 1048 1246  674  728 1077  642  920  528  941  982 1090
   995  822  839  846  831  827  844  970  990  851]
 [3213 3254 3011 3933 4570 2844 3100 3544 2899 3619 2339 3729 3956 3957
  4232 3086 3282 3430 2954 3583 3103 3609 3834 3303]
 [ 109  114  119  146  133  107  128  103   94  139   85  138  155  155
   137  130  127  105  114  121  129  137  138  117]
 [  40   48   43   51   65   37   27   48   23   48   35   54   56   50
    60   42   42   52   43   44   40   47   52   37]
 [ 190  220  171  253  266  169  177  234  172  256  153  236  283  318
   327  198  228  286  202  222  191  248  258  211]
 [  46   48   34   61   71   28   32   67   33   68   34   53   60   80
    62   39   49   52   53   52   42   50   63   52]
 [ 129  118  126  171  200   95  113  176   95  135  100  134  173  173
   161  135  121  144  104  160  120  145  149  147]
 [ 329  341  288  444  459  263  313  397  228  378  244  377  422  397
   433  313  321  397  310  343  357  364  401  360]
 [ 300  304  315  388  460  258  282  389  267  346  205  352  374  379
   401  284  321  312  299  324  281  365  366  283]
 [1062 1037  951 1274 1515  873  970 1185  819 1189  706 1205 1308 1303
  1336  969 1078 1056 1007 1014 1062 1163 1274 1065]
 [  55   68   49   71   86   51   51   78   47   88   46   74   75   69
    83   47   58   63   65   76   70   86   72   78]]"
Samusik_all_notransform,DBSCAN,5883.681777000427,112.38671875,0.0,0.0,0.2224244050187991,0.0,"[[     0      0      0      0      0      0      0      0      0      0
       0      0      0      0      0      0      0      0      0      0
       0      0      0      0      0]
 [  4241      0      0      0      0      0      0      0      0      0
       0      0      0      0      0      0      0      0      0      0
       0      0      0      0      0]
 [  4067      0      0      0      0      0      0      0      0      0
       0      0      0      0      0      0      0      0      0      0
       0      0      0      0      0]
 [  5646      0      0      0      0      0      0      0      0      0
       0      0      0      0      0      0      0      0      0      0
       0      0      0      0      0]
 [ 12479      0      0      0      0      0      0      0      0      0
       0      0      0      0      0      0      0      0      0      0
       0      0      0      0      0]
 [ 99356      0      0      0      0      0      0      0      0      0
       0      0      0      0      0      0      0      0      0      0
       0      0      0      0      0]
 [   480      0      0      0      0      0      0      0      0      0
       0      0      0      0      0      0      0      0      0      0
       0      0      0      0      0]
 [  2041      0      0      0      0      0      0      0      0      0
       0      0      0      0      0      0      0      0      0      0
       0      0      0      0      0]
 [ 53495      0      0      0      0      0      0      0      0      0
       0      0      0      0      0      0      0      0      0      0
       0      0      0      0      0]
 [   387      0      0      0      0      0      0      0      0      0
       0      0      0      0      0      0      0      0      0      0
       0      0      0      0      0]
 [  6068      0      0      0      0      0      0      0      0      0
       0      0      0      0      0      0      0      0      0      0
       0      0      0      0      0]
 [    29      0      0      0      0      0      0      0      0      0
       0      0      0      0      0      0      0      0      0      0
       0      0      0      0      0]
 [ 49717      0      0      0      0      0      0      0      0      0
       0      0      0      0      0      0      0      0      0      0
       0      0      0      0      0]
 [114412      0      0      0      0      0      0      0      0      0
       0      0      0      0      0      0      0      0      0      0
       0      0      0      0      0]
 [ 21137      0      0      0      0      0      0      0      0      0
       0      0      0      0      0      0      0      0      0      0
       0      0      0      0      0]
 [ 82384      0      0      0      0      0      0      0      0      0
       0      0      0      0      0      0      0      0      0      0
       0      0      0      0      0]
 [  2980      0      0      0      0      0      0      0      0      0
       0      0      0      0      0      0      0      0      0      0
       0      0      0      0      0]
 [  1084      0      0      0      0      0      0      0      0      0
       0      0      0      0      0      0      0      0      0      0
       0      0      0      0      0]
 [  5469      0      0      0      0      0      0      0      0      0
       0      0      0      0      0      0      0      0      0      0
       0      0      0      0      0]
 [  1229      0      0      0      0      0      0      0      0      0
       0      0      0      0      0      0      0      0      0      0
       0      0      0      0      0]
 [  3324      0      0      0      0      0      0      0      0      0
       0      0      0      0      0      0      0      0      0      0
       0      0      0      0      0]
 [  8479      0      0      0      0      0      0      0      0      0
       0      0      0      0      0      0      0      0      0      0
       0      0      0      0      0]
 [  7855      0      0      0      0      0      0      0      0      0
       0      0      0      0      0      0      0      0      0      0
       0      0      0      0      0]
 [ 26421      0      0      0      0      0      0      0      0      0
       0      0      0      0      0      0      0      0      0      0
       0      0      0      0      0]
 [  1606      0      0      0      0      0      0      0      0      0
       0      0      0      0      0      0      0      0      0      0
       0      0      0      0      0]]"
Samusik_all_notransform,tSNE+KMeans,1735.7020659446716,151.1484375,0.0007802473322238,0.0001952199266048,0.2226946301026855,0.0706935458945805,"[[ 235  157  166  208  197  146  162  179  183  145  138  203  232  149
   226  155  155  183  109  182  177  213  198  143]
 [ 182  176  127  172  217  167  167  176  133  141  129  197  200  134
   230  144  148  180  111  170  196  199  206  165]
 [ 251  209  278  273  255  230  221  243  223  221  180  275  275  240
   282  203  171  243  173  227  232  263  281  197]
 [ 520  477  544  582  622  439  487  652  548  425  411  615  646  486
   627  411  411  548  416  495  560  564  596  397]
 [4221 4478 3805 4642 5643 3531 3837 5251 4198 3440 3086 5013 5048 3005
  4875 3523 3152 4373 3587 3836 4277 4375 4585 3575]
 [  20   17   19   15   24   26   18   22    9   18   18   24   25   14
    32   22   13   14   10   19   26   24   31   20]
 [  82   86   78  103  108   77   87  117   86   67   75   95  100   66
    81   70   70   97   74   66   88  102   95   71]
 [2257 2422 1980 2522 2854 1762 2188 2684 2503 2301 1611 2666 2715 1530
  2645 1865 1680 2253 2074 1914 2611 2313 2450 1695]
 [   8   11   10   13   16   16   13   13   27   16   12   25   14   14
    27   17   11   19   16   16   25   15   18   15]
 [ 269  279  245  275  329  186  245  293  241  269  192  302  289  157
   300  223  184  272  206  243  311  278  268  212]
 [   4    0    1    0    2    1    1    0    0    0    2    2    0    0
     0    2    2    0    1    4    1    2    3    1]
 [2215 1753 1971 2213 2392 1990 1881 2212 2015 1622 1654 2604 2547 1994
  2775 2079 1612 2164 1446 1986 1869 2417 2362 1944]
 [5001 4346 4698 5254 5837 4321 4473 5264 4727 3744 3789 5730 5991 4482
  6082 4446 3707 4943 3580 4569 4449 5446 5470 4063]
 [ 943  781  923  951 1060  811  803  972  922  740  640 1109 1055  928
  1148  750  645  869  683  841  886  943  975  759]
 [3534 3123 2914 3811 4314 3206 3275 3939 2940 3001 2755 4183 4225 2464
  4557 3156 2822 3579 2408 3413 3619 3981 3905 3260]
 [ 145   90  104  124  147  118  130  155   73  114  102  175  159   78
   141  126  112  142   66  121  146  142  160  110]
 [  45   36   35   51   60   42   41   63   46   34   30   44   54   33
    60   44   41   53   33   39   56   48   61   35]
 [ 219  209  228  252  334  183  204  288  181  226  157  251  253  199
   286  208  190  252  170  220  242  267  246  204]
 [  49   58   56   55   67   54   53   70   37   50   25   49   56   37
    67   36   45   54   50   49   56   56   55   45]
 [ 128  130  127  155  178  113  139  161  144  112  106  156  172  121
   179  110  126  138  117  162  137  138  159  116]
 [ 375  334  285  409  466  306  342  421  318  309  275  418  465  246
   421  311  294  357  264  340  407  385  418  313]
 [ 345  277  300  367  421  284  318  403  326  272  237  407  399  258
   422  312  251  364  267  263  304  389  356  313]
 [1166 1020 1025 1193 1383  994 1020 1309 1017  934  851 1374 1358  868
  1407 1021  871 1120  777 1051 1139 1264 1305  954]
 [  69   72   64   70   87   63   72   88   77   39   44   82   74   47
    95   59   59   65   52   75   46   61   75   71]]"
Mosmann_rare,KMeans,1.114267110824585,78.5546875,2.8160770434640037e-05,-3.372204410909951e-05,0.9997250668415476,0.7162833230230582,"[[221291 175060]
 [    75     34]]"
Mosmann_rare,DBSCAN,724.0258357524872,56.3046875,0.0,0.0,0.9997250668415476,0.0,"[[     0      0      0]
 [396351      0      0]
 [   109      0      0]]"
Mosmann_rare,tSNE+KMeans,799.7215366363525,21.03515625,3.399854234059821e-05,-3.8099256573567287e-06,0.9997250668415476,0.6716750519473014,"[[200536 195815]
 [    71     38]]"
Samusik_01_notransform,KMeans,2.045630931854248,55.91796875,0.0023737039785189,6.351212343965894e-05,0.2564835536832603,0.073433309155198,"[[  0   0   0   0   0   0   0   0   0   0   0   0   0   0   0   0   0   0
    0   0   0   0   0   0   0]
 [  6  16   6  15  13  13   8  14  15   4   9   0  11  20  14  12   8  13
   13   7   5  11  12   7  14]
 [  5   8  15  10  14  11  10  15  15  10  16   0  15   7  10  16   4  15
   14  11   5  16  17  21  12]
 [ 10  14  15  22  11  19  17  21  20   8  26   0  17  19  23  29  18  16
   16   9   7  16  11  20  22]
 [ 29  33  37  28  46  36  26  39  40  33  35   0  21  45  17  36  26  34
   23  29  22  42  38  41  42]
 [496 483 454 539 510 733 414 547 716 522 738   0 585 752 591 658 501 495
  408 538 415 599 569 697 647]
 [  2   1   4   3   2   1   4   0   2   0   7   0   2   4   2   0   3   2
    4   5   1   2   4   2   2]
 [  5   9   2   5  10  13   9  11  16   6   7   0   7  12  11  15   8   7
    4   4   6   6   5  11   8]
 [192 180 172 220 224 296 132 226 290 210 291   0 207 274 192 255 198 168
  158 184 153 238 224 259 230]
 [  0   2   0   0   1   1   0   1   1   2   2   0   2   2   0   3   1   0
    3   2   0   4   4   2   2]
 [ 31  25  16  34  32  42  18  22  34  21  54   0  21  39  26  34  27  24
   27  27  19  36  25  32  37]
 [  0   0   0   0   0   0   1   0   0   0   0   0   0   0   0   1   0   0
    0   0   0   1   0   0   0]
 [114 129 113 131 154 164 127 134 155 103 193   0 182 175 122 169 143 131
  132 165  93 140 175 184 180]
 [320 312 315 367 375 442 246 358 439 336 416   0 402 480 337 414 326 360
  271 349 219 417 392 432 443]
 [ 35  27  43  34  54  51  47  36  51  40  54   0  46  77  56  59  35  46
   42  47  31  55  48  50  59]
 [453 408 389 448 460 574 432 506 555 363 616   0 547 624 491 615 452 485
  421 531 360 581 540 585 609]
 [  3   7   6   9  14  18   4  10   8   2  13   0   8  10   8  13   7   9
    7  12   2   6   5   5  13]
 [  5   2   2   3   1   7   2   5   4   4  14   0   9   5   4   4   7  11
    6   5   4   2   2   5   3]
 [ 18  16  13  12  13  13  11  22  24  12  23   0  15  30  20  16   8  14
   23  17  10  23  24  22  21]
 [ 10   8   3  11  11   7   2   6  10   5  13   0   6   9   9  10   6   9
    6  17   9   8   8   7   7]
 [  6   3  11   6   7  11   6  11   8   8   6   0   7  12   9   8   6  11
    6   5  10   8   7   7  10]
 [ 35  31  27  39  33  43  30  42  38  29  55   0  38  61  55  49  35  39
   27  43  30  55  42  41  44]
 [ 32  44  32  40  45  43  25  51  53  34  50   0  49  41  46  60  51  38
   30  30  29  46  58  50  39]
 [104  94 108 107 134 151  87 118 136  75 165   0 124 174 116 142 141 111
  103 134  94 139 124 150 143]
 [  4   4   3   4   9   7   4   5   4   3   4   0   2   4   9   3   3   5
    3   6   4   4   5   6  13]]"
Samusik_01_notransform,DBSCAN,37.10873317718506,7.23828125,0.0,0.0,0.2559005510315386,0.0,"[[    0     0     0     0     0     0     0     0     0     0     0     0
      0     0     0     0     0     0     0     0     0     0     0     0
      0]
 [  266     0     0     0     0     0     0     0     0     0     0     0
      0     0     0     0     0     0     0     0     0     0     0     0
      0]
 [  292     0     0     0     0     0     0     0     0     0     0     0
      0     0     0     0     0     0     0     0     0     0     0     0
      0]
 [  406     0     0     0     0     0     0     0     0     0     0     0
      0     0     0     0     0     0     0     0     0     0     0     0
      0]
 [  798     0     0     0     0     0     0     0     0     0     0     0
      0     0     0     0     0     0     0     0     0     0     0     0
      0]
 [13607     0     0     0     0     0     0     0     0     0     0     0
      0     0     0     0     0     0     0     0     0     0     0     0
      0]
 [   59     0     0     0     0     0     0     0     0     0     0     0
      0     0     0     0     0     0     0     0     0     0     0     0
      0]
 [  197     0     0     0     0     0     0     0     0     0     0     0
      0     0     0     0     0     0     0     0     0     0     0     0
      0]
 [ 5173     0     0     0     0     0     0     0     0     0     0     0
      0     0     0     0     0     0     0     0     0     0     0     0
      0]
 [   35     0     0     0     0     0     0     0     0     0     0     0
      0     0     0     0     0     0     0     0     0     0     0     0
      0]
 [  703     0     0     0     0     0     0     0     0     0     0     0
      0     0     0     0     0     0     0     0     0     0     0     0
      0]
 [    3     0     0     0     0     0     0     0     0     0     0     0
      0     0     0     0     0     0     0     0     0     0     0     0
      0]
 [ 3508     0     0     0     0     0     0     0     0     0     0     0
      0     0     0     0     0     0     0     0     0     0     0     0
      0]
 [ 8768     0     0     0     0     0     0     0     0     0     0     0
      0     0     0     0     0     0     0     0     0     0     0     0
      0]
 [ 1123     0     0     0     0     0     0     0     0     0     0     0
      0     0     0     0     0     0     0     0     0     0     0     0
      0]
 [12045     0     0     0     0     0     0     0     0     0     0     0
      0     0     0     0     0     0     0     0     0     0     0     0
      0]
 [  199     0     0     0     0     0     0     0     0     0     0     0
      0     0     0     0     0     0     0     0     0     0     0     0
      0]
 [  116     0     0     0     0     0     0     0     0     0     0     0
      0     0     0     0     0     0     0     0     0     0     0     0
      0]
 [  420     0     0     0     0     0     0     0     0     0     0     0
      0     0     0     0     0     0     0     0     0     0     0     0
      0]
 [  197     0     0     0     0     0     0     0     0     0     0     0
      0     0     0     0     0     0     0     0     0     0     0     0
      0]
 [  189     0     0     0     0     0     0     0     0     0     0     0
      0     0     0     0     0     0     0     0     0     0     0     0
      0]
 [  961     0     0     0     0     0     0     0     0     0     0     0
      0     0     0     0     0     0     0     0     0     0     0     0
      0]
 [ 1016     0     0     0     0     0     0     0     0     0     0     0
      0     0     0     0     0     0     0     0     0     0     0     0
      0]
 [ 2974     0     0     0     0     0     0     0     0     0     0     0
      0     0     0     0     0     0     0     0     0     0     0     0
      0]
 [  118     0     0     0     0     0     0     0     0     0     0     0
      0     0     0     0     0     0     0     0     0     0     0     0
      0]]"
Samusik_01_notransform,Hierarchical,169.700758934021,0.484375,0.0023672053209625,9.802362807306274e-05,0.2572170086322005,0.0790208800971199,"[[ 16   7  12  10  20   8   8  14   8   9   7   9  21  15  15  10   8  14
    7   5   8  13  14   8]
 [ 15  21   6  18   8   8   7  11   7  15  11  13  19  19  17   9   5  17
    7   5  15   9  18  12]
 [ 18  20  21  11  22   8  12  24  14  23  10  11  15  24  31  14  18  24
   11   6  15  18  25  11]
 [ 39  41  21  45  47  25  20  44  14  33  15  32  56  38  38  32  26  33
   12  20  42  41  61  23]
 [555 675 402 713 827 385 425 838 317 681 421 625 689 582 734 432 507 685
  308 360 578 703 766 399]
 [  2   2   2   0   4   3   1   2   2   7   1   5   4   7   0   2   3   1
    1   1   2   2   4   1]
 [  9  11   3  10  13   3  11  14   3   6   6   7  15   8  15   4   8  15
    3   5   7   9   6   6]
 [217 249 142 283 298 152 172 344  91 274 152 213 276 223 279 164 201 245
  116 138 229 272 303 140]
 [  0   2   0   3   2   1   0   1   4   2   0   2   2   1   3   2   1   0
    0   0   4   1   1   3]
 [ 32  32  13  25  42  15  22  50  13  51  18  31  42  31  39  28  27  27
   22  16  34  41  33  19]
 [  0   0   0   0   0   0   0   0   0   0   0   0   0   1   1   0   0   0
    0   0   1   0   0   0]
 [141 183 100 143 184 124  88 191  94 185 131 188 196 192 180 121 144 141
   75  84 138 173 201 111]
 [428 414 239 441 512 280 257 521 194 400 285 385 499 403 450 306 332 422
  184 194 407 456 509 250]
 [ 44  50  38  53  82  28  31  58  27  49  32  53  61  69  65  45  36  52
   17  29  51  53  65  35]
 [513 564 380 506 680 362 336 650 281 582 390 606 601 652 677 430 456 557
  247 322 557 660 677 359]
 [ 12   5   5   5  11   4  12  11   4  12   7  14  18   6  14   9   7  12
    4   2   5   6   9   5]
 [  8   5   5   6   6   1   6   3   4  13   6   5   1   7   5   2   7   6
    2   4   1   7   4   2]
 [ 12  21  12  17  32  17   8  25   8  21  10  18  22  30  18  17   8  28
    8   8  23  24  22  11]
 [ 10   7   4  10   9   6   6   6   0  13   6  17  17   8  11   5   6   9
    9   9   7  13   5   4]
 [  9   6   7   9  14   3   9   9   3   5   5   6   9  10   9   6   6  14
    5  10   7   8  12   8]
 [ 38  40  39  39  65  35  27  46  20  50  27  51  43  40  54  34  35  59
   24  23  57  49  49  17]
 [ 41  50  22  51  46  38  26  53  29  45  35  36  69  33  61  28  52  58
   29  23  51  55  53  32]
 [127 144  83 115 192  97  95 155  70 150  87 149 165 141 157  95 141 139
   56  90 128 146 176  76]
 [  4   6   7   6   4   3   4   4   4   4   0   6  10   5   3   7   3   6
    4   3   5   6   6   8]]"
Samusik_01_notransform,tSNE+KMeans,112.73972964286804,71.28125,0.0022598173605246,7.580523074713465e-05,0.2568596844263066,0.0703168691746316,"[[  0   0   0   0   0   0   0   0   0   0   0   0   0   0   0   0   0   0
    0   0   0   0   0   0   0]
 [  4  20  15  13  13   6  11   7  14   8   6   0  11  11   9  11  14  10
    9   9  16  10  22   7  10]
 [ 12  16  19  11  12  20  10  12   8  14   7   0   8  16  10  15  13   7
   11  12  13  12   9  10  15]
 [ 11  24  22  27  10  22  20  17  22  11   8   0  19  24  15  23  14  21
   11   9   9  15  17  13  22]
 [ 33  38  24  37  39  33  32  28  28  33  27   0  46  29  45  41  20  21
   31  36  29  38  39  41  30]
 [422 587 537 542 500 675 490 470 619 492 524   0 623 587 671 654 507 586
  543 515 567 649 663 600 584]
 [  1   2   6   4   3   1   2   3   1   1   2   0   7   1   1   4   1   1
    1   3   1   4   4   4   1]
 [  8   8   9   2   9   8   5  11   8   5   7   0   7   8  12  12   6  12
    8   3  10  12  10   9   8]
 [156 227 185 229 241 230 174 188 263 207 194   0 218 207 246 256 192 242
  214 196 222 212 239 223 212]
 [  2   1   4   0   1   1   0   1   0   3   1   0   2   1   1   4   1   0
    1   2   5   2   1   0   1]
 [ 28  31  23  25  34  23  26  36  23  27  35   0  31  22  34  43  20  33
   15  32  34  30  41  31  26]
 [  0   0   1   0   0   0   1   0   0   0   0   0   0   0   0   0   0   0
    0   0   0   0   0   1   0]
 [104 158 166 135 139 163 137 131 144 108 107   0 193 141 173 191 161 125
  103 159 153 158 154 150 155]
 [308 392 349 380 333 408 290 300 395 290 308   0 421 399 402 452 360 384
  351 365 360 389 403 367 362]
 [ 44  41  54  34  44  55  53  33  45  26  38   0  53  54  74  49  37  43
   50  58  56  47  46  51  38]
 [357 527 529 458 479 592 467 398 556 376 416   0 574 544 542 629 460 486
  406 566 545 550 545 558 485]
 [  4  11   4   8  14  12   7   8   7   3  10   0   8  12  10   6  10  12
    5  14   5   6  10   9   4]
 [  3   3   5   4   2   4   2   7   4   4   1   0   5   4   9   4   8  10
    3   4   3   7   7   9   4]
 [ 19  20  20  16  16  18  14   8  23   9  15   0  18  21  17  16  16  18
   22  21  19  25  22  13  14]
 [  6   8   5   8  10  14   9   7   6   8   4   0  12  10  13   9   4  10
    5  14   3   6  14   7   5]
 [  6   6  10   8   7  11   7   3  11   5   6   0   6   4  13   9   5   9
   10   8   9   7  12  11   6]
 [ 34  43  39  35  42  53  30  29  50  27  31   0  46  46  53  43  33  43
   29  46  41  52  50  32  34]
 [ 43  38  35  45  42  53  33  38  43  33  23   0  39  41  42  72  43  42
   39  38  49  32  65  44  44]
 [100 128 117 137 128 144 103 102 128  78 116   0 153 138 109 152 124 125
  101 126 114 148 129 154 120]
 [  5   5   4   6   6   4   4   2   7   3   5   0   7  10   1   4   2   4
    3   8   8   4   6   3   7]]"
Nilsson_rare_notransform,KMeans,0.0782861709594726,77.046875,0.02402643050698,0.0183319255740591,0.9918894426823742,0.8108013703972601,"[[30247 13535]
 [   12   346]]"
Nilsson_rare_notransform,DBSCAN,10.472496032714844,12.84375,0.0,0.0,0.9918894426823742,0.0,"[[    0     0     0]
 [43782     0     0]
 [  358     0     0]]"
Nilsson_rare_notransform,Hierarchical,48.27558994293213,0.48046875,0.0198879849532059,0.0203340010432961,0.9918894426823742,0.8298606863264455,"[[31491 12291]
 [   42   316]]"
Nilsson_rare_notransform,tSNE+KMeans,57.35469579696655,44.66015625,0.0152324099379543,0.0008126041085384,0.9918894426823742,0.6724959151272614,"[[22441 21341]
 [    1   357]]"
Mosmann_rare_notransform,KMeans,1.134380340576172,60.42578125,2.4074545070050907e-05,-3.1463870392518856e-05,0.9997250668415476,0.7166416776092043,"[[221463 174888]
 [    74     35]]"
Mosmann_rare_notransform,DBSCAN,724.8405492305756,57.4453125,0.0,0.0,0.9997250668415476,0.0,"[[     0      0      0]
 [396351      0      0]
 [   109      0      0]]"
Mosmann_rare_notransform,tSNE+KMeans,839.9266581535339,11.3828125,0.0003345747216367,-8.14332016258549e-06,0.9997250668415476,0.670256331467507,"[[199914 196437]
 [   101      8]]"
Samusik_all,KMeans,3.168548345565796,78.7890625,0.0005937689829134,0.0001254611555873,0.2225293845477909,0.0707241189134945,"[[ 206  156  163  191  236  134  155  203  116  172  117  191  208  211
   198  159  173  171  179  206  165  198  176  157]
 [ 158  183  134  202  218  131  149  179  146  159  115  187  188  191
   205  147  161  178  169  178  157  180  185  167]
 [ 233  202  232  305  338  186  179  265  188  255  153  273  262  268
   276  224  220  227  206  215  197  262  266  214]
 [ 453  482  465  636  781  378  417  648  359  546  339  526  645  627
   620  515  472  533  465  499  482  541  578  472]
 [3730 3482 3554 4603 6056 3029 3490 5215 2977 4710 2814 4243 4980 5074
  5240 3566 3579 4646 3626 3931 3819 4366 4828 3798]
 [  16   24   14   19   27   20   20    8   19   25   11   29   24   23
    20   13   21   18   25   20   24   16   28   16]
 [  61   82   77  102  127   62   80  109   73   93   52   88  107   96
   104   52   72   94   73   74   79   99  110   75]
 [1947 1854 1862 2497 3613 1584 1836 3125 1455 2570 1370 2192 2549 2854
  2667 2054 2046 2480 1954 2033 1967 2420 2750 1816]
 [  16   13   14   11   36   11    9   24   15   19   10   20   18   12
    20   19   14   17   12   14   15   15   13   20]
 [ 230  210  222  274  379  176  210  294  152  338  136  273  291  342
   326  194  245  281  230  255  227  264  297  222]
 [   3    2    1    1    0    0    2    1    2    0    3    2    1    0
     2    0    2    1    0    2    2    0    0    2]
 [1937 1905 1907 2340 2630 1705 1818 2278 1584 2003 1309 2508 2348 2335
  2365 1950 2147 1962 1947 2085 1984 2363 2216 2091]
 [4533 4454 4458 5514 6526 3821 4113 5508 3505 4861 2927 5346 5611 5545
  5545 4563 4540 4592 4208 4556 4528 5349 5236 4573]
 [ 830  751  865 1048 1246  674  728 1077  642  920  528  941  982 1090
   995  822  839  846  831  827  844  970  990  851]
 [3213 3254 3011 3933 4570 2844 3100 3544 2899 3619 2339 3729 3956 3957
  4232 3086 3282 3430 2954 3583 3103 3609 3834 3303]
 [ 109  114  119  146  133  107  128  103   94  139   85  138  155  155
   137  130  127  105  114  121  129  137  138  117]
 [  40   48   43   51   65   37   27   48   23   48   35   54   56   50
    60   42   42   52   43   44   40   47   52   37]
 [ 190  220  171  253  266  169  177  234  172  256  153  236  283  318
   327  198  228  286  202  222  191  248  258  211]
 [  46   48   34   61   71   28   32   67   33   68   34   53   60   80
    62   39   49   52   53   52   42   50   63   52]
 [ 129  118  126  171  200   95  113  176   95  135  100  134  173  173
   161  135  121  144  104  160  120  145  149  147]
 [ 329  341  288  444  459  263  313  397  228  378  244  377  422  397
   433  313  321  397  310  343  357  364  401  360]
 [ 300  304  315  388  460  258  282  389  267  346  205  352  374  379
   401  284  321  312  299  324  281  365  366  283]
 [1062 1037  951 1274 1515  873  970 1185  819 1189  706 1205 1308 1303
  1336  969 1078 1056 1007 1014 1062 1163 1274 1065]
 [  55   68   49   71   86   51   51   78   47   88   46   74   75   69
    83   47   58   63   65   76   70   86   72   78]]"
Samusik_all,DBSCAN,3916.457870721817,63.3828125,0.0,0.0,0.2224244050187991,0.0,"[[     0      0      0      0      0      0      0      0      0      0
       0      0      0      0      0      0      0      0      0      0
       0      0      0      0      0]
 [  4241      0      0      0      0      0      0      0      0      0
       0      0      0      0      0      0      0      0      0      0
       0      0      0      0      0]
 [  4067      0      0      0      0      0      0      0      0      0
       0      0      0      0      0      0      0      0      0      0
       0      0      0      0      0]
 [  5646      0      0      0      0      0      0      0      0      0
       0      0      0      0      0      0      0      0      0      0
       0      0      0      0      0]
 [ 12479      0      0      0      0      0      0      0      0      0
       0      0      0      0      0      0      0      0      0      0
       0      0      0      0      0]
 [ 99356      0      0      0      0      0      0      0      0      0
       0      0      0      0      0      0      0      0      0      0
       0      0      0      0      0]
 [   480      0      0      0      0      0      0      0      0      0
       0      0      0      0      0      0      0      0      0      0
       0      0      0      0      0]
 [  2041      0      0      0      0      0      0      0      0      0
       0      0      0      0      0      0      0      0      0      0
       0      0      0      0      0]
 [ 53495      0      0      0      0      0      0      0      0      0
       0      0      0      0      0      0      0      0      0      0
       0      0      0      0      0]
 [   387      0      0      0      0      0      0      0      0      0
       0      0      0      0      0      0      0      0      0      0
       0      0      0      0      0]
 [  6068      0      0      0      0      0      0      0      0      0
       0      0      0      0      0      0      0      0      0      0
       0      0      0      0      0]
 [    29      0      0      0      0      0      0      0      0      0
       0      0      0      0      0      0      0      0      0      0
       0      0      0      0      0]
 [ 49717      0      0      0      0      0      0      0      0      0
       0      0      0      0      0      0      0      0      0      0
       0      0      0      0      0]
 [114412      0      0      0      0      0      0      0      0      0
       0      0      0      0      0      0      0      0      0      0
       0      0      0      0      0]
 [ 21137      0      0      0      0      0      0      0      0      0
       0      0      0      0      0      0      0      0      0      0
       0      0      0      0      0]
 [ 82384      0      0      0      0      0      0      0      0      0
       0      0      0      0      0      0      0      0      0      0
       0      0      0      0      0]
 [  2980      0      0      0      0      0      0      0      0      0
       0      0      0      0      0      0      0      0      0      0
       0      0      0      0      0]
 [  1084      0      0      0      0      0      0      0      0      0
       0      0      0      0      0      0      0      0      0      0
       0      0      0      0      0]
 [  5469      0      0      0      0      0      0      0      0      0
       0      0      0      0      0      0      0      0      0      0
       0      0      0      0      0]
 [  1229      0      0      0      0      0      0      0      0      0
       0      0      0      0      0      0      0      0      0      0
       0      0      0      0      0]
 [  3324      0      0      0      0      0      0      0      0      0
       0      0      0      0      0      0      0      0      0      0
       0      0      0      0      0]
 [  8479      0      0      0      0      0      0      0      0      0
       0      0      0      0      0      0      0      0      0      0
       0      0      0      0      0]
 [  7855      0      0      0      0      0      0      0      0      0
       0      0      0      0      0      0      0      0      0      0
       0      0      0      0      0]
 [ 26421      0      0      0      0      0      0      0      0      0
       0      0      0      0      0      0      0      0      0      0
       0      0      0      0      0]
 [  1606      0      0      0      0      0      0      0      0      0
       0      0      0      0      0      0      0      0      0      0
       0      0      0      0      0]]"
Samusik_all,tSNE+KMeans,1133.4755489826202,119.3359375,0.0007946713307827,0.0002168483773237,0.2228715400496903,0.0712337422104264,"[[   0    0    0    0    0    0    0    0    0    0    0    0    0    0
     0    0    0    0    0    0    0    0    0    0    0]
 [ 136  217  175  157  188  180  121  167  195  146  146    0  237  238
   193  240  156  148  176  157  145  216  165  186  156]
 [ 127  175  186  133  200  205  114  138  184  115  145    0  219  221
   177  208  156  171  171  159  189  180  173  184  137]
 [ 233  255  226  240  284  265  183  210  255  215  236    0  260  275
   280  276  209  189  217  218  242  260  200  260  158]
 [ 442  534  495  515  574  629  327  525  638  450  445    0  621  690
   604  605  439  518  507  463  446  559  459  565  429]
 [2916 4337 3559 3466 4402 5599 2742 4447 5187 3191 3271    0 4919 5399
  4580 4851 3669 4299 4991 3708 3817 4348 3690 4792 3176]
 [  16   15   21   16   31   20   23   15   13    9   19    0   22   28
    23   32   21   15   26   21   22   24   13   21   14]
 [  58   84   78   75   98  110   59  101  130   65   63    0   85  113
   100  104   76   78  104   64   71   85   79   93   68]
 [1483 2313 1992 1779 2255 2900 1398 2666 2789 1806 2174    0 2514 2957
  2385 2493 1858 2568 2474 2273 1877 2456 1980 2501 1604]
 [  12   13   14    9    9   17   10   22   16   18   28    0   23   15
    22   18   21   13   14   13   21   15   15   14   15]
 [ 154  260  215  230  298  318  151  274  324  184  262    0  265  309
   289  305  222  267  313  248  225  260  226  285  184]
 [   0    4    2    1    4    1    0    0    0    0    0    0    1    2
     1    0    1    1    1    0    4    2    2    2    0]
 [1820 2319 2162 1927 2303 2250 1576 1884 2264 1551 1567    0 2543 2789
  2412 2641 2083 1760 2018 1801 2064 2121 1896 2266 1700]
 [4172 5118 4578 4545 5327 5383 3496 4535 5419 3796 3610    0 5627 6421
  5459 5809 4482 4285 4991 4246 4451 5137 4374 5296 3855]
 [ 852  903  847  870  909  988  585  833 1027  761  748    0 1056 1186
  1014 1037  842  830  873  773  829  911  800  955  708]
 [2396 3769 3433 2763 3872 4108 2469 2963 3983 2294 3080    0 4145 4598
  3788 4364 3216 3230 3691 3121 3514 3717 3117 3831 2922]
 [  91  136  126   83  139  139   97   92  157   66  116    0  162  175
   154  141  128  102  117  126  123  146  112  147  105]
 [  30   43   34   33   69   66   30   31   51   36   36    0   49   53
    61   53   53   60   49   35   34   46   45   51   36]
 [ 174  216  207  218  245  313  168  176  285  158  214    0  250  278
   270  286  187  224  281  205  223  231  223  246  191]
 [  30   46   36   50   63   72   31   52   62   26   45    0   57   65
    51   55   50   63   69   58   49   54   54   52   39]
 [ 108  140  106  123  151  166   97  144  147  104  108    0  157  177
   143  173  109  148  167  127  147  158  133  159  132]
 [ 249  381  278  259  398  436  258  319  462  217  260    0  445  489
   376  419  323  378  432  328  330  426  315  385  316]
 [ 249  339  312  274  355  415  256  321  382  272  257    0  365  458
   385  420  298  292  342  284  297  331  318  379  254]
 [ 854 1129 1056  961 1243 1327  849  996 1332  798  907    0 1324 1468
  1257 1336 1005 1033 1166  988 1065 1137 1010 1280  900]
 [  42   65   54   62   71   95   49   59   81   56   39    0   79  102
    77   88   60   56   73   53   76   67   73   66   63]]"
Nilsson_rare,KMeans,0.0576424598693847,71.1875,0.0240356897767886,0.0183460051893197,0.9918894426823742,0.810864868106522,"[[30251 13531]
 [   12   346]]"
Nilsson_rare,DBSCAN,11.635797262191772,17.859375,0.0,0.0,0.9918894426823742,0.0,"[[    0     0     0]
 [43782     0     0]
 [  358     0     0]]"
Nilsson_rare,Hierarchical,37.57296919822693,0.48828125,0.0228385101385872,0.0165249275791715,0.9918894426823742,0.8022791340861536,"[[29714 14068]
 [   12   346]]"
Nilsson_rare,tSNE+KMeans,57.1325044631958,39.03515625,0.0152726681977415,0.0013651708870356,0.9918894426823742,0.6796588810523312,"[[22805 20977]
 [    2   356]]"
Samusik_01,KMeans,2.0786023139953613,58.01171875,0.0023737039785189,6.351212343965894e-05,0.2564835536832603,0.073433309155198,"[[  0   0   0   0   0   0   0   0   0   0   0   0   0   0   0   0   0   0
    0   0   0   0   0   0   0]
 [  6  16   6  15  13  13   8  14  15   4   9   0  11  20  14  12   8  13
   13   7   5  11  12   7  14]
 [  5   8  15  10  14  11  10  15  15  10  16   0  15   7  10  16   4  15
   14  11   5  16  17  21  12]
 [ 10  14  15  22  11  19  17  21  20   8  26   0  17  19  23  29  18  16
   16   9   7  16  11  20  22]
 [ 29  33  37  28  46  36  26  39  40  33  35   0  21  45  17  36  26  34
   23  29  22  42  38  41  42]
 [496 483 454 539 510 733 414 547 716 522 738   0 585 752 591 658 501 495
  408 538 415 599 569 697 647]
 [  2   1   4   3   2   1   4   0   2   0   7   0   2   4   2   0   3   2
    4   5   1   2   4   2   2]
 [  5   9   2   5  10  13   9  11  16   6   7   0   7  12  11  15   8   7
    4   4   6   6   5  11   8]
 [192 180 172 220 224 296 132 226 290 210 291   0 207 274 192 255 198 168
  158 184 153 238 224 259 230]
 [  0   2   0   0   1   1   0   1   1   2   2   0   2   2   0   3   1   0
    3   2   0   4   4   2   2]
 [ 31  25  16  34  32  42  18  22  34  21  54   0  21  39  26  34  27  24
   27  27  19  36  25  32  37]
 [  0   0   0   0   0   0   1   0   0   0   0   0   0   0   0   1   0   0
    0   0   0   1   0   0   0]
 [114 129 113 131 154 164 127 134 155 103 193   0 182 175 122 169 143 131
  132 165  93 140 175 184 180]
 [320 312 315 367 375 442 246 358 439 336 416   0 402 480 337 414 326 360
  271 349 219 417 392 432 443]
 [ 35  27  43  34  54  51  47  36  51  40  54   0  46  77  56  59  35  46
   42  47  31  55  48  50  59]
 [453 408 389 448 460 574 432 506 555 363 616   0 547 624 491 615 452 485
  421 531 360 581 540 585 609]
 [  3   7   6   9  14  18   4  10   8   2  13   0   8  10   8  13   7   9
    7  12   2   6   5   5  13]
 [  5   2   2   3   1   7   2   5   4   4  14   0   9   5   4   4   7  11
    6   5   4   2   2   5   3]
 [ 18  16  13  12  13  13  11  22  24  12  23   0  15  30  20  16   8  14
   23  17  10  23  24  22  21]
 [ 10   8   3  11  11   7   2   6  10   5  13   0   6   9   9  10   6   9
    6  17   9   8   8   7   7]
 [  6   3  11   6   7  11   6  11   8   8   6   0   7  12   9   8   6  11
    6   5  10   8   7   7  10]
 [ 35  31  27  39  33  43  30  42  38  29  55   0  38  61  55  49  35  39
   27  43  30  55  42  41  44]
 [ 32  44  32  40  45  43  25  51  53  34  50   0  49  41  46  60  51  38
   30  30  29  46  58  50  39]
 [104  94 108 107 134 151  87 118 136  75 165   0 124 174 116 142 141 111
  103 134  94 139 124 150 143]
 [  4   4   3   4   9   7   4   5   4   3   4   0   2   4   9   3   3   5
    3   6   4   4   5   6  13]]"
Samusik_01,DBSCAN,36.55169463157654,15.30859375,0.0,0.0,0.2559005510315386,0.0,"[[    0     0     0     0     0     0     0     0     0     0     0     0
      0     0     0     0     0     0     0     0     0     0     0     0
      0]
 [  266     0     0     0     0     0     0     0     0     0     0     0
      0     0     0     0     0     0     0     0     0     0     0     0
      0]
 [  292     0     0     0     0     0     0     0     0     0     0     0
      0     0     0     0     0     0     0     0     0     0     0     0
      0]
 [  406     0     0     0     0     0     0     0     0     0     0     0
      0     0     0     0     0     0     0     0     0     0     0     0
      0]
 [  798     0     0     0     0     0     0     0     0     0     0     0
      0     0     0     0     0     0     0     0     0     0     0     0
      0]
 [13607     0     0     0     0     0     0     0     0     0     0     0
      0     0     0     0     0     0     0     0     0     0     0     0
      0]
 [   59     0     0     0     0     0     0     0     0     0     0     0
      0     0     0     0     0     0     0     0     0     0     0     0
      0]
 [  197     0     0     0     0     0     0     0     0     0     0     0
      0     0     0     0     0     0     0     0     0     0     0     0
      0]
 [ 5173     0     0     0     0     0     0     0     0     0     0     0
      0     0     0     0     0     0     0     0     0     0     0     0
      0]
 [   35     0     0     0     0     0     0     0     0     0     0     0
      0     0     0     0     0     0     0     0     0     0     0     0
      0]
 [  703     0     0     0     0     0     0     0     0     0     0     0
      0     0     0     0     0     0     0     0     0     0     0     0
      0]
 [    3     0     0     0     0     0     0     0     0     0     0     0
      0     0     0     0     0     0     0     0     0     0     0     0
      0]
 [ 3508     0     0     0     0     0     0     0     0     0     0     0
      0     0     0     0     0     0     0     0     0     0     0     0
      0]
 [ 8768     0     0     0     0     0     0     0     0     0     0     0
      0     0     0     0     0     0     0     0     0     0     0     0
      0]
 [ 1123     0     0     0     0     0     0     0     0     0     0     0
      0     0     0     0     0     0     0     0     0     0     0     0
      0]
 [12045     0     0     0     0     0     0     0     0     0     0     0
      0     0     0     0     0     0     0     0     0     0     0     0
      0]
 [  199     0     0     0     0     0     0     0     0     0     0     0
      0     0     0     0     0     0     0     0     0     0     0     0
      0]
 [  116     0     0     0     0     0     0     0     0     0     0     0
      0     0     0     0     0     0     0     0     0     0     0     0
      0]
 [  420     0     0     0     0     0     0     0     0     0     0     0
      0     0     0     0     0     0     0     0     0     0     0     0
      0]
 [  197     0     0     0     0     0     0     0     0     0     0     0
      0     0     0     0     0     0     0     0     0     0     0     0
      0]
 [  189     0     0     0     0     0     0     0     0     0     0     0
      0     0     0     0     0     0     0     0     0     0     0     0
      0]
 [  961     0     0     0     0     0     0     0     0     0     0     0
      0     0     0     0     0     0     0     0     0     0     0     0
      0]
 [ 1016     0     0     0     0     0     0     0     0     0     0     0
      0     0     0     0     0     0     0     0     0     0     0     0
      0]
 [ 2974     0     0     0     0     0     0     0     0     0     0     0
      0     0     0     0     0     0     0     0     0     0     0     0
      0]
 [  118     0     0     0     0     0     0     0     0     0     0     0
      0     0     0     0     0     0     0     0     0     0     0     0
      0]]"
Samusik_01,Hierarchical,196.68554854393005,0.484375,0.0023436286418789,5.422229188559936e-05,0.2570853628721343,0.0797684128138852,"[[  0   0   0   0   0   0   0   0   0   0   0   0   0   0   0   0   0   0
    0   0   0   0   0   0   0]
 [  6  18  10  13  10  15   7  15  10   7  17   0   7  19  17  18   8   7
    8   7   6  10  14  13   4]
 [  5  16  12  16  14  12   9  15  15   7  13   0  21  13   7  20  11   5
    9  11   5  16  14  16  10]
 [  8  18  13  28  21  24  13  16  28  14  13   0  20  35  16  25  10  18
    9   9   6  17  20  17   8]
 [ 24  41  19  35  46  42  22  37  36  13  45   0  42  28  40  54  16  25
   27  29  21  44  43  36  33]
 [361 582 272 655 547 868 389 630 742 321 560   0 712 784 686 803 425 494
  437 530 390 624 645 629 521]
 [  1   2   3   0   4   2   4   1   9   2   1   0   2   3   2   3   1   3
    3   5   1   2   1   4   0]
 [  4  10   4  15   3  14   7  15   9   3  12   0  11  12  10  10   6   7
    3   4   7   6  11   8   6]
 [138 231 130 257 209 345 122 253 292  93 220   0 260 258 260 293 152 197
  169 179 148 242 263 252 210]
 [  0   0   1   3   0   2   0   1   1   4   2   0   2   0   2   4   0   1
    2   2   0   4   1   1   2]
 [ 21  35  17  35  19  52  18  27  54  13  35   0  33  28  35  47  18  27
   17  25  17  37  32  40  21]
 [  0   0   0   1   0   0   1   0   0   0   0   0   0   0   0   0   0   0
    0   0   0   1   0   0   0]
 [ 88 145  97 166 138 197 116 134 201  97 156   0 184 175 155 227 131 139
  136 163  92 143 151 174 103]
 [241 443 210 414 359 518 225 391 429 195 391   0 434 465 437 544 289 319
  304 343 216 427 411 427 336]
 [ 25  44  33  59  46  58  43  46  58  27  40   0  51  74  70  76  32  36
   32  46  30  56  44  57  40]
 [339 529 321 616 456 671 403 493 636 283 519   0 597 671 559 766 393 440
  402 522 352 594 587 534 362]
 [  2  12   4  13   7  19   4   7  13   4  12   0   5  11  10  14   7   6
    4  12   3   6  10  12   2]
 [  3   8   5   4   2   8   2   4  13   4   2   0   5   8   5   3   6   6
    2   5   5   2   7   3   4]
 [ 16  13  20  16  15  19  11  21  21   8  22   0  24  27  27  26  10   8
   19  17  10  23  21  14  12]
 [  7  11   5  10   3   8   2   9  13   1  13   0   7  10   9   9   6   6
    7  17   9   7   9  14   5]
 [  5   9   5   7  12  13   6   7   5   3   4   0   7  13  12  13   5   6
    5   5  10   8  11  10   8]
 [ 25  39  19  49  36  57  29  34  49  20  38   0  43  73  56  52  27  34
   36  42  25  60  49  41  28]
 [ 19  43  17  60  36  48  23  49  49  28  53   0  50  53  41  59  36  50
   41  27  28  49  63  60  34]
 [ 68 130  76 139 129 172  79 121 174  72 118   0 152 155 157 170  87 133
  108 129 101 137 145 147  75]
 [  3   4   2   2   4   7   3   4   4   4   4   0   6  10   4  15   0   3
    4   6   4   4   6  12   3]]"
Samusik_01,tSNE+KMeans,107.9045000076294,62.36328125,0.0020026156112558,1.896504572615717e-05,0.2565211667575649,0.0734181771955851,"[[ 24  13  10   8   6   5  13  15   5  14   8  17  17   9  15  11   6   7
   11   9  12  13   9   9]
 [ 15  17  14  11  22   5  11  15  12  13   9  12  13  12  15   7  11   8
   13   9   7  12  15  14]
 [ 25  22  21  19  20   9  18  14  11  19  14  23  26  14  24  23  12  16
   11  12  13  11  16  13]
 [ 43  25  30  43  34  31  32  39  30  33  24  42  38  32  43  26  15  33
   30  32  34  38  36  35]
 [648 504 577 565 696 491 537 655 408 571 373 652 659 640 760 615 407 479
  482 530 598 535 634 591]
 [  3   4   3   3   2   2   2   1   2   4   2   2   2   1   4   1   1   2
    3   1   6   3   4   1]
 [  5  11   6   6   9   8  13  11   4   9   5   9  13  11  12  10   5   7
    3   5   6  10  12   7]
 [243 176 240 202 262 168 225 268 163 190 124 266 249 252 289 231 140 189
  178 213 210 210 244 241]
 [  1   4   1   0   2   2   1   6   2   3   0   2   1   0   1   0   1   2
    1   2   1   0   0   2]
 [ 27  19  26  31  27  28  31  41  25  50  18  37  27  41  44  24  17  29
   23  28  32  31  28  19]
 [  0   1   0   0   0   0   0   0   0   0   1   0   0   0   0   0   0   1
    0   0   0   0   0   0]
 [172 154 159 125 178 114 142 169  97 149 108 195 171 151 180 132 125 141
  147 116 180 129 160 114]
 [413 322 376 360 427 292 333 424 276 360 228 441 445 382 505 393 273 322
  351 324 384 355 413 369]
 [ 54  46  41  46  53  32  34  57  37  45  46  41  61  64  55  41  29  44
   46  41  54  54  54  48]
 [557 482 462 522 636 363 436 596 383 483 382 615 638 545 701 525 351 452
  506 414 567 423 576 430]
 [ 12   5   4   6  13  10   7   9   3  12   5   9  16   6  10  16   9  12
    8   3   4   7   7   6]
 [  7   3   3   7   6   2   3   6   1  10   1   1   3  10   4   8   7   3
    5   5   6   3   7   5]
 [ 14  12  14  17  20  14  14  21  17  18  12  20  21  14  29  21  13  18
   14  16  22  17  25  17]
 [ 11   4   6   7  12   4   7  10   6  11   4   8   9  12  13  10   3   7
   13   4  10  11   6   9]
 [  8   8   4  14  10   7   6   8   4   7   7   7   7  13  13   9   5   8
    4   7   7  11   7   8]
 [ 46  34  36  28  58  31  31  47  38  40  20  44  53  47  57  45  32  38
   28  30  54  36  53  35]
 [ 43  37  46  44  57  21  40  60  35  52  25  63  54  34  63  41  35  35
   34  35  35  50  35  42]
 [155 116 126 152 157 103 104 146  86 129  78 137 161 128 145 128  88 100
  121  85 142 125 165  97]
 [  4   5   6   5   8   3   4   5   3   3   4   4  12   5  10   2   3   4
    3   2   7   9   2   5]]"
