dataset,method,runtime,memory_usage_MB,nmi,ari,purity,f1_score,confusion_matrix,eps,min_samples
Levine_32dim,DBSCAN,697.7420969009399,42.625,0.0,0.0,0.25307148890424636,0.0,"[[    0     0     0     0     0     0     0     0     0     0     0     0
      0     0     0]
 [ 1207     0     0     0     0     0     0     0     0     0     0     0
      0     0     0]
 [ 3905     0     0     0     0     0     0     0     0     0     0     0
      0     0     0]
 [ 2248     0     0     0     0     0     0     0     0     0     0     0
      0     0     0]
 [ 3295     0     0     0     0     0     0     0     0     0     0     0
      0     0     0]
 [  304     0     0     0     0     0     0     0     0     0     0     0
      0     0     0]
 [  916     0     0     0     0     0     0     0     0     0     0     0
      0     0     0]
 [26366     0     0     0     0     0     0     0     0     0     0     0
      0     0     0]
 [20108     0     0     0     0     0     0     0     0     0     0     0
      0     0     0]
 [16520     0     0     0     0     0     0     0     0     0     0     0
      0     0     0]
 [21099     0     0     0     0     0     0     0     0     0     0     0
      0     0     0]
 [ 1238     0     0     0     0     0     0     0     0     0     0     0
      0     0     0]
 [  330     0     0     0     0     0     0     0     0     0     0     0
      0     0     0]
 [ 6135     0     0     0     0     0     0     0     0     0     0     0
      0     0     0]
 [  513     0     0     0     0     0     0     0     0     0     0     0
      0     0     0]]",1.0,5
